SAMD11	miR-504	chr1	879823	879830	CAGGGTCA
KLHL17	miR-19	chr1	900934	900941	TTTGCACA
KLHL17	miR-137	chr1	901055	901061	AGCAATA
AGRN	miR-144	chr1	990830	990836	ATACTGT
AGRN	miR-27ab	chr1	990832	990838	ACTGTGA
AGRN	miR-128	chr1	990832	990838	ACTGTGA
AGRN	miR-224	chr1	990835	990841	GTGACTT
DVL1	miR-139-5p	chr1	1270757	1270763	CTGTAGA
CCNL2	miR-138	chr1	1321942	1321948	CACCAGC
CCNL2	miR-421	chr1	1321987	1321993	TGTTGAA
CCNL2	miR-23ab	chr1	1322009	1322015	AATGTGA
CCNL2	miR-29abc	chr1	1322277	1322284	TGGTGCTA
CCNL2	miR-543	chr1	1326965	1326971	GAATGTT
CCNL2	miR-181	chr1	1326966	1326972	TGAATGT
CCNL2	miR-217	chr1	1327889	1327896	ATGCAGTA
RP11	miR-155	chr1	1594098	1594105	AGCATTAA
NADK	miR-488	chr1	1682694	1682701	CCTTTCAA
NADK	miR-494	chr1	1682760	1682767	ATGTTTCA
GNB1	miR-101	chr1	1716761	1716767	GTACTGT
GNB1	miR-324-5p	chr1	1716789	1716795	GGATGCA
GNB1	miR-154	chr1	1717384	1717390	ATAACCT
PRKCZ	miR-448	chr1	2116513	2116519	ATATGCA
SKI	miR-218	chr1	2238303	2238309	AGCACAA
